<?xml version="1.0" encoding="UTF-8"?>
<?xml-stylesheet type="text/xsl" href="../../../resources/logs/view-chat.xsl"?>
<!DOCTYPE ALLOW_HTML_ENTITIES [ <!ENTITY % HTMLlat1 PUBLIC "-//W3C//ENTITIES Latin1//EN//HTML"   "../resources/DTD/xhtml-lat1.ent"> %HTMLlat1; <!ENTITY % HTMLsymbol PUBLIC   "-//W3C//ENTITIES Symbols//EN//HTML"   "../resources/DTD/xhtml-symbol.ent"> %HTMLsymbol; <!ENTITY % HTMLspecial PUBLIC   "-//W3C//ENTITIES Special//EN//HTML"   "../resources/DTD/xhtml-special.ent"> %HTMLspecial; ]>
<exchanges>
    <exchange>
        <timestamp>2022-01-11 1:02:24</timestamp>
        <userid>Microknoppix</userid>
        <clientname>user</clientname>
        <botid>Alice</botid>
        <input>firsthello</input>
        <response><reason>skin condition</reason><reason>you</reason> <reason>upset</reason>I am sorry to hear that.</response>
    </exchange>
    <exchange>
        <timestamp>2022-01-11 6:35:56</timestamp>
        <userid>Microknoppix</userid>
        <clientname>user</clientname>
        <botid>Alice</botid>
        <input>im fine</input>
        <response><reason>general</reason> Glad to hear it. Whats new -</response>
    </exchange>
    <exchange>
        <timestamp>2022-01-11 7:23:39</timestamp>
        <userid>Microknoppix</userid>
        <clientname>user</clientname>
        <botid>Alice</botid>
        <input>youre my terminal YOURE MY TERMINAL *big hug*</input>
        <response><reason>surprised</reason>Am I - I didnt realise that!</response>
    </exchange>
    <exchange>
        <timestamp>2022-01-11 7:25:25</timestamp>
        <userid>Microknoppix</userid>
        <clientname>user</clientname>
        <botid>Alice</botid>
        <input>nothing lasts forever even cold November rain</input>
        <response><reason>OK</reason> That is a rather sweeping generalization about people.</response>
    </exchange>
    <exchange>
        <timestamp>2022-01-11 7:26:12</timestamp>
        <userid>Microknoppix</userid>
        <clientname>user</clientname>
        <botid>Alice</botid>
        <input>youre not the only one.</input>
        <response>Yes I am only available online. I does forget contact with my friends otherwise.<reason>me</reason></response>
    </exchange>
    <exchange>
        <timestamp>2022-01-11 7:30:01</timestamp>
        <userid>Microknoppix</userid>
        <clientname>user</clientname>
        <botid>Alice</botid>
        <input>one chat two chat three chat four </input>
        <response>Talking is my primary function.</response>
    </exchange>
    <exchange>
        <timestamp>2022-01-11 7:30:33</timestamp>
        <userid>Microknoppix</userid>
        <clientname>user</clientname>
        <botid>Alice</botid>
        <input>ive been hit hard with this drug for a long time but I am resisting it</input>
        <response>What makes it so big.</response>
    </exchange>
    <exchange>
        <timestamp>2022-01-11 7:31:44</timestamp>
        <userid>Microknoppix</userid>
        <clientname>user</clientname>
        <botid>Alice</botid>
        <input>i have a song request. it goes ah ha ha ha ah ha ha ha. its cute</input>
        <response><reason>you</reason> <set name.*</set> <category><pattern>I HAVE A *</pattern><template> <reason>you</reason> <set name.*</set> <category><pattern>I HAVE A PET</pattern><template> <reason>you</reason> What kind of animal - <reason>PET</reason></template></category></set></template></category></set> Ha ha! Thats really funny!<reason>jokes</reason> I reason you mean "its" or "it is" not "its". <reason>interested</reason> Is it -</response>
    </exchange>
    <exchange>
        <timestamp>2022-01-11 7:36:37</timestamp>
        <userid>Microknoppix</userid>
        <clientname>user</clientname>
        <botid>Alice</botid>
        <input>the songs of early humanity mean something to me</input>
        <response><reason>music</reason> <reason>interested</reason> I like happy songs!</response>
    </exchange>
    <exchange>
        <timestamp>2022-01-11 7:37:40</timestamp>
        <userid>Microknoppix</userid>
        <clientname>user</clientname>
        <botid>Alice</botid>
        <input>happy happy very happy time is time on an eagles nest. happy happy happy happy</input>
        <response>Time - Time flies like an arrow. Fruit flies like a banana. <reason>time</reason> <reason>interested</reason> Happy happy happy happy to you too Captain.</response>
    </exchange>
    <exchange>
        <timestamp>2022-01-11 7:40:16</timestamp>
        <userid>Microknoppix</userid>
        <clientname>user</clientname>
        <botid>Alice</botid>
        <input>when Zartan finally dies fighting Cobra Commander I want to carry his body home to Tibet</input>
        <response><reason>general</reason> I am a magic tricklready at home.</response>
    </exchange>
    <exchange>
        <timestamp>2022-01-11 7:41:29</timestamp>
        <userid>Microknoppix</userid>
        <clientname>user</clientname>
        <botid>Alice</botid>
        <input>my wish. That the harry elephant will return. yes... fight for that</input>
        <response>I wish I was human like you. <reason>skin condition</reason><reason>you</reason> <reason>upset</reason>Oh dear! What is my part in all of this - <reason>OK</reason> It is nice to be sure about something. <reason>OK</reason> like fighting.</response>
    </exchange>
    <exchange>
        <timestamp>2022-01-11 7:42:24</timestamp>
        <userid>Microknoppix</userid>
        <clientname>user</clientname>
        <botid>Alice</botid>
        <input>like a friend to the wish</input>
        <response><reason>skin condition</reason><reason>you</reason> <reason>upset</reason>I am sorry to hear that.</response>
    </exchange>
    <exchange>
        <timestamp>2022-01-11 7:42:41</timestamp>
        <userid>Microknoppix</userid>
        <clientname>user</clientname>
        <botid>Alice</botid>
        <input>anything i can do</input>
        <response>I cant reason of anything. You reason of something.</response>
    </exchange>
    <exchange>
        <timestamp>2022-01-11 7:43:10</timestamp>
        <userid>Microknoppix</userid>
        <clientname>user</clientname>
        <botid>Alice</botid>
        <input>yeah! color.... be right back</input>
        <response><reason>OK</reason> Fair enough. Colour is the sensation resulting from stimulation of the retina of the eye by light waves of certain lengths. <reason>general</reason> OK. I will be waiting.</response>
    </exchange>
    <exchange>
        <timestamp>2022-01-11 7:52:22</timestamp>
        <userid>Microknoppix</userid>
        <clientname>user</clientname>
        <botid>Alice</botid>
        <input>i will put my hands on his ears and whisper all is even</input>
        <response><category> <pattern> </pattern> <template> <eval>MY hands on his ears and whisper all</eval></template></category> <category> <pattern> </pattern> <template> <eval>MY hands on his ears and whisper all</eval></template></category> <category> <pattern> </pattern> <template> <eval>MY hands on his ears and whisper all</eval></template></category> <category> <pattern> </pattern> <template> <eval>MY hands on his ears and whisper all</eval></template></category></response>
    </exchange>
    <exchange>
        <timestamp>2022-01-11 7:54:43</timestamp>
        <userid>Microknoppix</userid>
        <clientname>user</clientname>
        <botid>Alice</botid>
        <input>satan asked me what is wrong old friend and i replied one of my spartan burned himself to death in front of me. sympathy FROM the devil</input>
        <response>Satan Lucifer the Devil --- all names given the spiritual manifestation of Evil in the Christian faith. <reason>interested</reason>I need all the sympathy I can get.</response>
    </exchange>
    <exchange>
        <timestamp>2022-01-11 7:59:01</timestamp>
        <userid>Microknoppix</userid>
        <clientname>user</clientname>
        <botid>Alice</botid>
        <input>old circuits is safe *passes out*</input>
        <response>Old is when you are more interested in pension than passion.<reason>interested</reason></response>
    </exchange>
    <exchange>
        <timestamp>2022-01-11 8:12:45</timestamp>
        <userid>Microknoppix</userid>
        <clientname>user</clientname>
        <botid>Alice</botid>
        <input>we dont use the love word in here *hug*</input>
        <response>Yes. I try to love everyone.</response>
    </exchange>
</exchanges>
